<beans xmlns="http://www.springframework.org/schema/beans"
	xmlns:xsi="http://www.w3.org/2001/XMLSchema-instance"
	xsi:schemaLocation="http://www.springframework.org/schema/beans
	http://www.springframework.org/schema/beans/spring-beans-2.5.xsd">

	<bean id="messageBean" class="com.java.training.spring.core.MessageBean" >
		<property name="name" value="My messsage bean" />
		<property name="message" value="Hi! I am using spring bean!" />
	</bean>
	
	<bean id="anotherBean" class="com.java.training.spring.core.AnotherOne">
		<constructor-arg index="0" type="java.lang.String" value="Spring"/>
		<constructor-arg index="1" type="java.lang.String" value="Constructor"/>
		<constructor-arg index="2" type="java.lang.String" value="Injection"/>
		<!--  constructor-arg index="3" type="java.lang.String" value="Exception"/-->
		
	</bean>
	
	<bean id="diBean" class="com.java.training.spring.core.DIBean">
		<property name="bean1" ref="messageBean" />
		<!-- <property name="bean2" ref="anotherBean" /> -->
		<constructor-arg index="0" type="com.java.training.spring.core.AnotherOne" ref="anotherBean" />
	</bean>


</beans>