<?xml version="1.0"?>
<!DOCTYPE hibernate-mapping PUBLIC "-//Hibernate/Hibernate Mapping DTD 3.0//EN"
"http://hibernate.sourceforge.net/hibernate-mapping-3.0.dtd">

<hibernate-mapping>
    <class name="com.java.training.hibernate.entity.Employee" table="Employee">
        <id name="id" type="java.lang.Integer">
            <column name="id" />
            <!-- generator class="identity" /-->
        </id>
        <property name="age" type="java.lang.Integer">
            <column name="age" not-null="true"  />
        </property>
        <property name="fname" type="string">
            <column name="fname"  not-null="true"  />
        </property>
        <property name="lname" type="string">
            <column name="lname"  not-null="true"  />
        </property>
        <property name="address" type="string">
            <column name="address"  not-null="true"  />
        </property>
    </class>
</hibernate-mapping>