<?xml version="1.0" encoding="UTF-8"?>
<!DOCTYPE struts PUBLIC
   "-//Apache Software Foundation//DTD Struts Configuration 2.0//EN"
   "http://struts.apache.org/dtds/struts-2.0.dtd">
<struts>
<constant name="struts.devMode" value="true" />
   <package name="default" namespace="/" extends="struts-default">
     
     <interceptors>
         <interceptor name="myinterceptor"
            class="com.java.training.struts2.MyInterceptor" />
      </interceptors>
      
      <action name="welcome" 
            class="com.java.training.struts2.WelcomeAction" 
            method="execute">
            <interceptor-ref name="myinterceptor" />
            <!--  interceptor-ref name="params"/> -->
            <interceptor-ref name="timer" />
            <interceptor-ref name="basicStack" />
            <result name="success">/welcome.jsp</result>
            
      </action>
      
      
      <action name="empInfo" 
            class="com.java.training.struts2.EmployeeAction" 
            method="execute">
             <result name="success">/success.jsp</result>
             <result name="input">/employee.jsp</result>
      </action>
   </package>
</struts>