<beans xmlns="http://www.springframework.org/schema/beans"
	xmlns:context="http://www.springframework.org/schema/context"
	xmlns:xsi="http://www.w3.org/2001/XMLSchema-instance" xmlns:mvc="http://www.springframework.org/schema/mvc"
	xmlns:aop="http://www.springframework.org/schema/aop" xmlns:tx="http://www.springframework.org/schema/tx"
	xsi:schemaLocation="
        http://www.springframework.org/schema/beans     
        http://www.springframework.org/schema/beans/spring-beans-3.2.xsd
        http://www.springframework.org/schema/mvc 
        http://www.springframework.org/schema/mvc/spring-mvc-3.2.xsd
        http://www.springframework.org/schema/context 
        http://www.springframework.org/schema/context/spring-context-3.2.xsd
        http://www.springframework.org/schema/aop 
        http://www.springframework.org/schema/aop/spring-aop.xsd
        http://www.springframework.org/schema/tx
        http://www.springframework.org/schema/tx/spring-tx.xsd">



	<mvc:annotation-driven />
	<context:annotation-config />
	<context:component-scan base-package="com.java.training.spring.web" />
	<!-- for AOP support -->
	<aop:aspectj-autoproxy />

	<bean id="viewResolver"
		class="org.springframework.web.servlet.view.UrlBasedViewResolver">
		<property name="viewClass"
			value="org.springframework.web.servlet.view.JstlView" />
		<property name="prefix" value="/WEB-INF/views/jsp/" />
		<property name="suffix" value=".jsp" />
	</bean>

	<!-- Logging the entry and exits of public API -->
	<bean id="logAspect"
		class="com.java.training.spring.web.aspect.BoundaryLoggingInterceptor" />

	<mvc:resources mapping="/resources/**" location="/resources/" />

	<!-- Hibernate Integration -->
	<bean
		class="org.springframework.beans.factory.config.PropertyPlaceholderConfigurer">
		<property name="location">
			<value>/WEB-INF/database.properties</value>
		</property>
	</bean>

	<bean id="dataSource"
		class="org.springframework.jdbc.datasource.DriverManagerDataSource">
		<property name="driverClassName" value="${jdbc.driverClassName}" />
		<property name="url" value="${jdbc.url}" />
		<property name="username" value="${jdbc.username}" />
		<property name="password" value="${jdbc.password}" />
	</bean>



	<bean id="sessionFactory"
		class="org.springframework.orm.hibernate3.LocalSessionFactoryBean">

		<property name="dataSource">
			<ref bean="dataSource" />
		</property>

		<property name="hibernateProperties">
			<props>
				<prop key="hibernate.dialect">org.hibernate.dialect.MySQLDialect</prop>
				<prop key="hibernate.show_sql">true</prop>
			</props>
		</property>

		<property name="mappingResources">
			<list>
				<value>/Employee.hbm.xml</value>
			</list>
		</property>

	</bean>


	<bean id="transactionManager"
		class="org.springframework.orm.hibernate3.HibernateTransactionManager">
		<property name="sessionFactory" ref="sessionFactory" />
	</bean>

	<!-- for tx suport -->
	<tx:annotation-driven />

	<!-- Employee business object -->
	<bean id="employeeBO" class="com.java.training.spring.orm.bo.EmployeeBOImpl">
		<property name="employeeDAO" ref="employeeDAO" />
	</bean>

	<!-- Stock Data Access Object -->
	<bean id="employeeDAO" class="com.java.training.spring.orm.dao.EmployeeDAOImpl">
		<property name="sessionFactory" ref="sessionFactory"></property>
	</bean>



</beans>