<?xml version="1.0" encoding="utf-8"?>
<!DOCTYPE hibernate-configuration PUBLIC
        "-//Hibernate/Hibernate Configuration DTD 3.0//EN"
        "http://hibernate.sourceforge.net/hibernate-configuration-3.0.dtd">
<hibernate-configuration>
    <session-factory>

        <property name="connection.url">jdbc:mysql://localhost:3306/Training</property>
        <property name="connection.username">training</property>
        <property name="connection.password">training123</property>
        <property name="connection.driver_class">com.mysql.jdbc.Driver</property>
        <property name="dialect">org.hibernate.dialect.MySQLDialect</property>

        <property name="show_sql">true</property>

        <property name="format_sql">true</property>
        <!--property name="hbm2ddl.auto">create</property-->

        <!-- JDBC connection pool (use the built-in) -->
        <property name="connection.pool_size">1</property>
        <property name="current_session_context_class">thread</property>

        <mapping class="tutorial.hibernate.domain.NewEmployee" />
        <mapping class="tutorial.hibernate.domain.Department" />


    </session-factory>
</hibernate-configuration>